{"cameraMode":{"drawMode":0,"name":"Shaded","section":"Shading Mode"},"sceneLighting":true,"audioPlay":false,"sceneViewState":{"showFog":true,"showMaterialUpdate":false,"showSkybox":true,"showFlares":true,"showImageEffects":true,"showParticleSystems":true,"showVisualEffectGraphs":true,"m_FxEnabled":true},"in2DMode":false,"pivot":{"x":62.5357666015625,"y":38.39203643798828,"z":112.40824890136719},"rotation":{"x":0.34410640597343447,"y":0.011259520426392556,"z":-0.004131219815462828,"w":0.9388653635978699},"size":223.6870574951172,"orthographic":false}